id,ascii_len,projNb,selNb,tableNb,aggNb,rows,actual
"./data/ssb_converted/explorative.xml_0|0",422,4,1,3,2,2546,3.0
"./data/ssb_converted/explorative.xml_0|1",422,4,1,3,2,2546,3.0
"./data/ssb_converted/explorative.xml_0|2",567,5,2,4,3,206900,2.0
"./data/ssb_converted/explorative.xml_0|3",726,6,3,5,4,206901,144.0
"./data/ssb_converted/explorative.xml_0|4",542,5,2,4,3,206900,143.0
"./data/ssb_converted/explorative.xml_0|5",542,5,2,4,3,206900,148.0
"./data/ssb_converted/explorative.xml_0|6",503,5,1,4,3,206900,150.0
"./data/ssb_converted/explorative.xml_0|7",604,6,1,5,4,206901,151.0
"./data/ssb_converted/explorative.xml_0|8",569,6,0,5,4,206901,1177.0
"./data/ssb_converted/explorative.xml_0|9",569,6,0,5,4,206901,2014.0
"./data/ssb_converted/explorative.xml_0|10",593,6,0,5,4,206901,1894.0
"./data/ssb_converted/explorative.xml_0|11",627,6,1,5,4,206901,159.0
"./data/ssb_converted/explorative.xml_0|12",666,6,2,5,4,206901,144.0
"./data/ssb_converted/explorative.xml_0|13",756,7,2,5,5,206901,146.0
"./data/ssb_converted/explorative.xml_0|14",756,7,2,5,5,206901,146.0
"./data/ssb_converted/explorative.xml_0|15",793,7,3,5,5,206901,145.0
"./data/ssb_converted/explorative.xml_0|16",787,7,3,5,5,206901,145.0
"./data/ssb_converted/explorative.xml_0|17",748,7,2,5,5,206901,164.0
"./data/ssb_converted/explorative.xml_0|18",658,6,2,5,4,206901,142.0
"./data/ssb_converted/explorative.xml_0|19",703,6,3,5,4,206901,145.0
"./data/ssb_converted/explorative.xml_0|20",694,6,3,5,4,206901,131.0
"./data/ssb_converted/explorative.xml_0|21",660,6,2,5,4,206901,600.0
"./data/ssb_converted/explorative.xml_0|22",695,6,3,5,4,206901,126.0
"./data/ssb_converted/explorative.xml_0|23",650,6,2,5,4,206901,130.0
"./data/ssb_converted/explorative.xml_0|24",613,6,1,5,4,206901,130.0
"./data/ssb_converted/explorative.xml_1|1",218,3,0,2,1,2545,3.0
"./data/ssb_converted/explorative.xml_1|2",338,4,0,3,2,2546,3.0
"./data/ssb_converted/explorative.xml_1|3",238,3,0,2,1,40472,3.0
"./data/ssb_converted/explorative.xml_1|4",383,4,1,3,2,206899,3.0
"./data/ssb_converted/explorative.xml_1|5",542,5,2,4,3,206900,3.0
"./data/ssb_converted/explorative.xml_1|6",642,6,2,5,4,206901,146.0
"./data/ssb_converted/explorative.xml_1|7",603,6,1,5,4,206901,142.0
"./data/ssb_converted/explorative.xml_1|8",568,6,0,5,4,206901,1136.0
"./data/ssb_converted/explorative.xml_1|9",607,6,1,5,4,206901,805.0
"./data/ssb_converted/explorative.xml_1|10",631,6,1,5,4,206901,702.0
"./data/ssb_converted/explorative.xml_1|11",625,6,1,5,4,206901,599.0
"./data/ssb_converted/explorative.xml_1|12",616,6,1,5,4,206901,599.0
"./data/ssb_converted/explorative.xml_1|13",577,6,0,5,4,206901,1703.0
"./data/ssb_converted/explorative.xml_1|14",583,6,0,5,4,206901,1823.0
"./data/ssb_converted/explorative.xml_1|15",667,6,1,5,4,206901,533.0
"./data/ssb_converted/explorative.xml_1|16",706,6,2,5,4,206901,748.0
"./data/ssb_converted/explorative.xml_1|17",622,6,1,5,4,206901,670.0
"./data/ssb_converted/explorative.xml_1|18",631,6,1,5,4,206901,852.0
"./data/ssb_converted/explorative.xml_1|19",573,5,1,5,3,206901,620.0
"./data/ssb_converted/explorative.xml_1|20",664,6,1,5,4,206901,597.0
"./data/ssb_converted/explorative.xml_1|21",701,6,2,5,4,206901,607.0
"./data/ssb_converted/explorative.xml_1|22",600,6,1,4,4,206900,607.0
"./data/ssb_converted/explorative.xml_1|23",701,6,2,5,4,206901,608.0
"./data/ssb_converted/explorative.xml_1|24",695,6,2,5,4,206901,604.0
"./data/ssb_converted/explorative.xml_2|2",263,3,1,2,1,206898,5.0
"./data/ssb_converted/explorative.xml_2|3",383,4,1,3,2,206899,5.0
"./data/ssb_converted/explorative.xml_2|4",542,5,2,4,3,206900,4.0
"./data/ssb_converted/explorative.xml_2|5",642,6,2,5,4,206901,3.0
"./data/ssb_converted/explorative.xml_2|6",607,6,1,5,4,206901,779.0
"./data/ssb_converted/explorative.xml_2|7",601,6,1,5,4,206901,689.0
"./data/ssb_converted/explorative.xml_2|8",625,6,1,5,4,206901,921.0
"./data/ssb_converted/explorative.xml_2|9",631,6,1,5,4,206901,912.0
"./data/ssb_converted/explorative.xml_2|10",715,6,2,5,4,206901,523.0
"./data/ssb_converted/explorative.xml_2|11",703,6,2,5,4,206901,525.0
"./data/ssb_converted/explorative.xml_2|12",747,7,2,5,5,206901,528.0
"./data/ssb_converted/explorative.xml_2|13",759,7,2,5,5,206901,541.0
"./data/ssb_converted/explorative.xml_2|14",793,7,3,5,5,206901,148.0
"./data/ssb_converted/explorative.xml_2|15",787,7,3,5,5,206901,143.0
"./data/ssb_converted/explorative.xml_2|16",778,7,3,5,5,206901,127.0
"./data/ssb_converted/explorative.xml_2|17",784,7,3,5,5,206901,122.0
"./data/ssb_converted/explorative.xml_2|18",745,7,2,5,5,206901,127.0
"./data/ssb_converted/explorative.xml_2|19",739,7,2,5,5,206901,128.0
"./data/ssb_converted/explorative.xml_2|20",748,7,2,5,5,206901,142.0
"./data/ssb_converted/explorative.xml_2|21",748,7,2,5,5,206901,226.0
"./data/ssb_converted/explorative.xml_2|22",742,7,2,5,5,206901,141.0
"./data/ssb_converted/explorative.xml_2|23",708,7,1,5,5,206901,767.0
"./data/ssb_converted/explorative.xml_2|24",732,7,1,5,5,206901,610.0
"./data/ssb_converted/explorative.xml_3|2",339,3,1,3,1,1966,3.0
"./data/ssb_converted/explorative.xml_3|3",397,4,1,3,2,1966,3.0
"./data/ssb_converted/explorative.xml_3|4",542,5,2,4,3,206900,3.0
"./data/ssb_converted/explorative.xml_3|5",503,5,1,4,3,206900,3.0
"./data/ssb_converted/explorative.xml_3|6",497,5,1,4,3,206900,145.0
"./data/ssb_converted/explorative.xml_3|7",462,5,0,4,3,206900,1142.0
"./data/ssb_converted/explorative.xml_3|8",562,6,0,5,4,206901,1671.0
"./data/ssb_converted/explorative.xml_3|9",568,6,0,5,4,206901,140.0
"./data/ssb_converted/explorative.xml_3|10",448,5,0,4,3,206900,884.0
"./data/ssb_converted/explorative.xml_3|11",448,5,0,4,3,206900,1167.0
"./data/ssb_converted/explorative.xml_3|12",436,5,0,4,3,206900,908.0
"./data/ssb_converted/explorative.xml_3|13",338,4,0,3,2,1966,299.0
"./data/ssb_converted/explorative.xml_3|14",218,3,0,2,1,2545,3.0
"./data/ssb_converted/explorative.xml_3|15",309,4,0,2,2,2545,2.0
"./data/ssb_converted/explorative.xml_3|16",429,5,0,3,3,1966,87.0
"./data/ssb_converted/explorative.xml_3|17",527,6,0,4,4,206900,528.0
"./data/ssb_converted/explorative.xml_3|18",647,7,0,5,5,206901,533.0
"./data/ssb_converted/explorative.xml_3|19",659,7,0,5,5,206901,651.0
"./data/ssb_converted/explorative.xml_3|20",694,7,1,5,5,206901,140.0
"./data/ssb_converted/explorative.xml_3|21",685,7,1,5,5,206901,127.0
"./data/ssb_converted/explorative.xml_3|22",650,7,0,5,5,206901,542.0
"./data/ssb_converted/explorative.xml_3|23",530,6,0,4,4,206900,526.0
"./data/ssb_converted/explorative.xml_3|24",439,5,0,4,3,206900,1161.0
"./data/ssb_converted/explorative.xml_4|1",238,3,0,2,1,40472,15.0
"./data/ssb_converted/explorative.xml_4|2",383,4,1,3,2,206899,2.0
"./data/ssb_converted/explorative.xml_4|3",542,5,2,4,3,206900,2.0
"./data/ssb_converted/explorative.xml_4|4",507,5,1,4,3,206900,584.0
"./data/ssb_converted/explorative.xml_4|5",468,5,0,4,3,206900,933.0
"./data/ssb_converted/explorative.xml_4|6",507,5,1,4,3,206900,677.0
"./data/ssb_converted/explorative.xml_4|7",608,6,1,5,4,206901,618.0
"./data/ssb_converted/explorative.xml_4|8",642,6,2,5,4,206901,152.0
"./data/ssb_converted/explorative.xml_4|9",584,5,2,5,3,206901,163.0
"./data/ssb_converted/explorative.xml_4|10",674,6,2,5,4,206901,153.0
"./data/ssb_converted/explorative.xml_4|11",665,6,2,5,4,206901,142.0
"./data/ssb_converted/explorative.xml_4|12",723,7,2,5,5,206901,131.0
"./data/ssb_converted/explorative.xml_4|13",633,6,2,5,4,206901,134.0
"./data/ssb_converted/explorative.xml_4|14",599,6,1,5,4,206901,633.0
"./data/ssb_converted/explorative.xml_4|15",498,5,1,4,3,206900,919.0
"./data/ssb_converted/explorative.xml_4|16",459,5,0,4,3,206900,1678.0
"./data/ssb_converted/explorative.xml_4|17",560,6,0,5,4,206901,1775.0
"./data/ssb_converted/explorative.xml_4|18",560,6,0,5,4,206901,1983.0
"./data/ssb_converted/explorative.xml_4|19",599,6,1,5,4,206901,674.0
"./data/ssb_converted/explorative.xml_4|20",634,6,2,5,4,206901,128.0
"./data/ssb_converted/explorative.xml_4|21",643,6,2,5,4,206901,143.0
"./data/ssb_converted/explorative.xml_4|22",643,6,2,5,4,206901,144.0
"./data/ssb_converted/explorative.xml_4|23",604,6,1,5,4,206901,146.0
"./data/ssb_converted/explorative.xml_4|24",484,5,1,4,3,206900,143.0
"./data/ssb_converted/explorative.xml_5|0",302,3,1,2,1,2545,2.0
"./data/ssb_converted/explorative.xml_5|1",218,3,0,2,1,2545,2.0
"./data/ssb_converted/explorative.xml_5|3",263,3,1,2,1,206898,2.0
"./data/ssb_converted/explorative.xml_5|4",383,4,1,3,2,206899,2.0
"./data/ssb_converted/explorative.xml_5|5",542,5,2,4,3,206900,2.0
"./data/ssb_converted/explorative.xml_5|6",507,5,1,4,3,206900,3.0
"./data/ssb_converted/explorative.xml_5|7",495,5,1,4,3,206900,636.0
"./data/ssb_converted/explorative.xml_5|8",595,6,1,5,4,206901,712.0
"./data/ssb_converted/explorative.xml_5|9",556,6,0,5,4,206901,1051.0
"./data/ssb_converted/explorative.xml_5|10",580,6,0,5,4,206901,1207.0
"./data/ssb_converted/explorative.xml_5|11",619,6,1,5,4,206901,598.0
"./data/ssb_converted/explorative.xml_5|12",703,6,2,5,4,206901,589.0
"./data/ssb_converted/explorative.xml_5|13",645,5,2,5,3,206901,530.0
"./data/ssb_converted/explorative.xml_5|14",561,5,1,5,3,206901,904.0
"./data/ssb_converted/explorative.xml_5|15",463,4,1,4,2,1967,126.0
"./data/ssb_converted/explorative.xml_5|16",547,4,2,4,2,1967,76.0
"./data/ssb_converted/explorative.xml_5|17",645,5,2,5,3,206901,699.0
"./data/ssb_converted/explorative.xml_5|18",703,6,2,5,4,206901,530.0
"./data/ssb_converted/explorative.xml_5|19",715,6,2,5,4,206901,686.0
"./data/ssb_converted/explorative.xml_5|20",750,6,3,5,4,206901,140.0
"./data/ssb_converted/explorative.xml_5|21",666,6,2,5,4,206901,147.0
"./data/ssb_converted/explorative.xml_5|22",627,6,1,5,4,206901,142.0
"./data/ssb_converted/explorative.xml_5|23",592,6,0,5,4,206901,1734.0
"./data/ssb_converted/explorative.xml_5|24",631,6,1,5,4,206901,597.0
"./data/ssb_converted/explorative.xml_6|0",344,4,0,3,2,206899,957.0
"./data/ssb_converted/explorative.xml_6|1",344,4,0,3,2,206899,968.0
"./data/ssb_converted/explorative.xml_6|2",387,4,1,3,2,206899,3.0
"./data/ssb_converted/explorative.xml_6|3",507,5,1,4,3,206900,147.0
"./data/ssb_converted/explorative.xml_6|4",621,6,1,5,4,206901,145.0
"./data/ssb_converted/explorative.xml_6|5",658,6,2,5,4,206901,147.0
"./data/ssb_converted/explorative.xml_6|6",748,7,2,5,5,206901,145.0
"./data/ssb_converted/explorative.xml_6|7",714,7,1,5,5,206901,528.0
"./data/ssb_converted/explorative.xml_6|8",705,7,1,5,5,206901,533.0
"./data/ssb_converted/explorative.xml_6|9",744,7,2,5,5,206901,530.0
"./data/ssb_converted/explorative.xml_6|10",686,6,2,5,4,206901,713.0
"./data/ssb_converted/explorative.xml_6|11",585,6,1,4,4,206900,608.0
"./data/ssb_converted/explorative.xml_6|12",548,6,0,4,4,206900,608.0
"./data/ssb_converted/explorative.xml_6|13",585,6,1,4,4,206900,609.0
"./data/ssb_converted/explorative.xml_6|14",683,6,2,5,4,206901,525.0
"./data/ssb_converted/explorative.xml_6|15",719,6,3,5,4,206901,180.0
"./data/ssb_converted/explorative.xml_6|16",777,7,3,5,5,206901,198.0
"./data/ssb_converted/explorative.xml_6|17",740,7,2,5,5,206901,199.0
"./data/ssb_converted/explorative.xml_6|18",716,7,2,5,5,206901,162.0
"./data/ssb_converted/explorative.xml_6|19",740,7,2,5,5,206901,235.0
"./data/ssb_converted/explorative.xml_6|20",740,7,2,5,5,206901,199.0
"./data/ssb_converted/explorative.xml_6|21",779,7,3,5,5,206901,199.0
"./data/ssb_converted/explorative.xml_6|22",755,7,3,5,5,206901,199.0
"./data/ssb_converted/explorative.xml_6|23",749,7,3,5,5,206901,198.0
"./data/ssb_converted/explorative.xml_6|24",713,7,2,5,5,206901,711.0
"./data/ssb_converted/explorative.xml_7|2",238,3,0,2,1,40472,3.0
"./data/ssb_converted/explorative.xml_7|3",383,4,1,3,2,206899,3.0
"./data/ssb_converted/explorative.xml_7|4",542,5,2,4,3,206900,2.0
"./data/ssb_converted/explorative.xml_7|5",507,5,1,4,3,206900,4.0
"./data/ssb_converted/explorative.xml_7|6",608,6,1,5,4,206901,602.0
"./data/ssb_converted/explorative.xml_7|7",602,6,1,5,4,206901,663.0
"./data/ssb_converted/explorative.xml_7|8",563,6,0,5,4,206901,1620.0
"./data/ssb_converted/explorative.xml_7|9",653,7,0,5,5,206901,528.0
"./data/ssb_converted/explorative.xml_7|10",692,7,1,5,5,206901,815.0
"./data/ssb_converted/explorative.xml_7|11",683,7,1,5,5,206901,590.0
"./data/ssb_converted/explorative.xml_7|12",707,7,1,5,5,206901,534.0
"./data/ssb_converted/explorative.xml_7|13",743,7,2,5,5,206901,161.0
"./data/ssb_converted/explorative.xml_7|14",780,7,3,5,5,206901,209.0
"./data/ssb_converted/explorative.xml_7|15",690,6,3,5,4,206901,165.0
"./data/ssb_converted/explorative.xml_7|16",654,6,2,5,4,206901,643.0
"./data/ssb_converted/explorative.xml_7|17",690,6,3,5,4,206901,183.0
"./data/ssb_converted/explorative.xml_7|18",651,6,2,5,4,206901,163.0
"./data/ssb_converted/explorative.xml_7|19",614,6,1,5,4,206901,270.0
"./data/ssb_converted/explorative.xml_7|20",704,7,1,5,5,206901,185.0
"./data/ssb_converted/explorative.xml_7|21",704,7,1,5,5,206901,199.0
"./data/ssb_converted/explorative.xml_7|22",668,7,0,5,5,206901,610.0
"./data/ssb_converted/explorative.xml_7|23",705,7,1,5,5,206901,608.0
"./data/ssb_converted/explorative.xml_7|24",740,7,2,5,5,206901,128.0
"./data/ssb_converted/explorative.xml_8|2",238,3,0,2,1,40472,2.0
"./data/ssb_converted/explorative.xml_8|3",397,4,1,3,2,1966,2.0
"./data/ssb_converted/explorative.xml_8|4",542,5,2,4,3,206900,2.0
"./data/ssb_converted/explorative.xml_8|5",643,6,2,5,4,206901,144.0
"./data/ssb_converted/explorative.xml_8|6",608,6,1,5,4,206901,4.0
"./data/ssb_converted/explorative.xml_8|7",643,6,2,5,4,206901,144.0
"./data/ssb_converted/explorative.xml_8|8",604,6,1,5,4,206901,237.0
"./data/ssb_converted/explorative.xml_8|9",569,6,0,5,4,206901,105.0
"./data/ssb_converted/explorative.xml_8|10",563,6,0,5,4,206901,1600.0
"./data/ssb_converted/explorative.xml_8|11",602,6,1,5,4,206901,639.0
"./data/ssb_converted/explorative.xml_8|12",593,6,1,5,4,206901,626.0
"./data/ssb_converted/explorative.xml_8|13",629,6,2,5,4,206901,278.0
"./data/ssb_converted/explorative.xml_8|14",629,6,2,5,4,206901,198.0
"./data/ssb_converted/explorative.xml_8|15",528,5,2,4,3,206900,3.0
"./data/ssb_converted/explorative.xml_8|16",564,5,2,4,3,206900,197.0
"./data/ssb_converted/explorative.xml_8|17",665,6,2,5,4,206901,187.0
"./data/ssb_converted/explorative.xml_8|18",671,6,2,5,4,206901,183.0
"./data/ssb_converted/explorative.xml_8|19",635,6,2,5,4,206901,170.0
"./data/ssb_converted/explorative.xml_8|20",596,6,1,5,4,206901,192.0
"./data/ssb_converted/explorative.xml_8|21",596,6,1,5,4,206901,364.0
"./data/ssb_converted/explorative.xml_8|22",635,6,2,5,4,206901,192.0
"./data/ssb_converted/explorative.xml_8|23",534,5,2,4,3,206900,199.0
"./data/ssb_converted/explorative.xml_8|24",495,5,1,4,3,206900,204.0
"./data/ssb_converted/explorative.xml_9|0",238,3,0,2,1,40472,2.0
"./data/ssb_converted/explorative.xml_9|1",339,4,0,3,2,2546,291.0
"./data/ssb_converted/explorative.xml_9|2",484,5,1,4,3,206900,199.0
"./data/ssb_converted/explorative.xml_9|3",383,4,1,3,2,206899,3.0
"./data/ssb_converted/explorative.xml_9|4",542,5,2,4,3,206900,2.0
"./data/ssb_converted/explorative.xml_9|5",542,5,2,4,3,206900,2.0
"./data/ssb_converted/explorative.xml_9|6",507,5,1,4,3,206900,3.0
"./data/ssb_converted/explorative.xml_9|7",449,4,1,4,2,206900,677.0
"./data/ssb_converted/explorative.xml_9|8",484,4,2,4,2,206900,143.0
"./data/ssb_converted/explorative.xml_9|9",383,4,1,3,2,206899,145.0
"./data/ssb_converted/explorative.xml_9|10",483,5,1,4,3,206900,144.0
"./data/ssb_converted/explorative.xml_9|11",584,5,2,5,3,206901,144.0
"./data/ssb_converted/explorative.xml_9|12",549,5,1,5,3,206901,623.0
"./data/ssb_converted/explorative.xml_9|13",543,5,1,5,3,206901,3.0
"./data/ssb_converted/explorative.xml_9|14",578,5,2,5,3,206901,3.0
"./data/ssb_converted/explorative.xml_9|15",584,5,2,5,3,206901,182.0
"./data/ssb_converted/explorative.xml_9|16",483,5,1,4,3,206900,145.0
"./data/ssb_converted/explorative.xml_9|17",584,5,2,5,3,206901,144.0
"./data/ssb_converted/explorative.xml_9|18",642,6,2,5,4,206901,141.0
"./data/ssb_converted/explorative.xml_9|19",607,6,1,5,4,206901,878.0
"./data/ssb_converted/explorative.xml_9|20",642,6,2,5,4,206901,196.0
"./data/ssb_converted/explorative.xml_9|21",633,6,2,5,4,206901,128.0
"./data/ssb_converted/explorative.xml_9|22",627,6,2,5,4,206901,128.0
"./data/ssb_converted/explorative.xml_9|23",588,6,1,5,4,206901,128.0
"./data/ssb_converted/explorative.xml_9|24",553,6,0,5,4,206901,1788.0
"./data/ssb_converted/goal_oriented.xml_0|0",566,5,1,4,3,1967,77.0
"./data/ssb_converted/goal_oriented.xml_0|1",566,5,1,4,3,1967,76.0
"./data/ssb_converted/goal_oriented.xml_0|2",482,5,0,4,3,1967,514.0
"./data/ssb_converted/goal_oriented.xml_0|3",566,5,1,4,3,1967,78.0
"./data/ssb_converted/goal_oriented.xml_0|4",446,4,1,3,2,1966,80.0
"./data/ssb_converted/goal_oriented.xml_0|5",463,4,1,4,2,1967,121.0
"./data/ssb_converted/goal_oriented.xml_0|6",446,4,1,3,2,1966,74.0
"./data/ssb_converted/goal_oriented.xml_0|7",362,4,0,3,2,1966,332.0
"./data/ssb_converted/goal_oriented.xml_0|8",338,4,0,3,2,1966,3.0
"./data/ssb_converted/goal_oriented.xml_0|9",362,4,0,3,2,1966,454.0
"./data/ssb_converted/goal_oriented.xml_0|10",446,4,1,3,2,1966,77.0
"./data/ssb_converted/goal_oriented.xml_0|11",446,4,1,3,2,2546,3.0
"./data/ssb_converted/goal_oriented.xml_0|12",326,3,1,2,1,2545,2.0
"./data/ssb_converted/goal_oriented.xml_0|13",429,5,0,3,3,2546,2.0
"./data/ssb_converted/goal_oriented.xml_0|14",309,4,0,2,2,2545,2.0
"./data/ssb_converted/goal_oriented.xml_0|15",218,3,0,2,1,2545,2.0
"./data/ssb_converted/goal_oriented.xml_0|16",338,4,0,3,2,2546,3.0
"./data/ssb_converted/goal_oriented.xml_0|17",326,3,1,2,1,2545,3.0
"./data/ssb_converted/goal_oriented.xml_0|18",566,5,1,4,3,1967,76.0
"./data/ssb_converted/goal_oriented.xml_0|19",446,4,1,3,2,2546,2.0
"./data/ssb_converted/goal_oriented.xml_0|20",362,4,0,3,2,2546,3.0
"./data/ssb_converted/goal_oriented.xml_0|21",242,3,0,2,1,2545,2.0
"./data/ssb_converted/goal_oriented.xml_0|22",352,4,0,3,2,206899,733.0
"./data/ssb_converted/goal_oriented.xml_0|23",472,5,0,4,3,206900,1071.0
"./data/ssb_converted/goal_oriented.xml_0|24",592,6,0,5,4,206901,1784.0
"./data/ssb_converted/goal_oriented.xml_1|0",333,4,0,2,2,2545,71.0
"./data/ssb_converted/goal_oriented.xml_1|1",370,4,1,2,2,2545,4.0
"./data/ssb_converted/goal_oriented.xml_1|2",280,3,1,2,1,2545,2.0
"./data/ssb_converted/goal_oriented.xml_1|3",280,3,1,2,1,2545,2.0
"./data/ssb_converted/goal_oriented.xml_1|4",390,4,1,3,2,206899,2.0
"./data/ssb_converted/goal_oriented.xml_1|5",378,4,1,3,2,206899,4.0
"./data/ssb_converted/goal_oriented.xml_1|6",341,4,0,3,2,206899,4.0
"./data/ssb_converted/goal_oriented.xml_1|7",461,5,0,4,3,206900,891.0
"./data/ssb_converted/goal_oriented.xml_1|8",363,4,0,3,2,1966,358.0
"./data/ssb_converted/goal_oriented.xml_1|9",243,3,0,2,1,2545,3.0
"./data/ssb_converted/goal_oriented.xml_1|10",429,5,0,3,3,2546,3.0
"./data/ssb_converted/goal_oriented.xml_1|11",339,4,0,3,2,2546,3.0
"./data/ssb_converted/goal_oriented.xml_1|12",362,4,0,3,2,2546,7.0
"./data/ssb_converted/goal_oriented.xml_1|13",338,4,0,3,2,2546,3.0
"./data/ssb_converted/goal_oriented.xml_1|14",218,3,0,2,1,2545,2.0
"./data/ssb_converted/goal_oriented.xml_1|15",309,4,0,2,2,2545,2.0
"./data/ssb_converted/goal_oriented.xml_1|16",219,3,0,2,1,2545,2.0
"./data/ssb_converted/goal_oriented.xml_1|17",440,4,1,4,2,1967,127.0
"./data/ssb_converted/goal_oriented.xml_1|18",440,4,1,4,2,1967,124.0
"./data/ssb_converted/goal_oriented.xml_1|19",238,3,0,2,1,1965,2.0
"./data/ssb_converted/goal_oriented.xml_1|20",339,4,0,3,2,1966,309.0
"./data/ssb_converted/goal_oriented.xml_1|21",339,4,0,3,2,1966,302.0
"./data/ssb_converted/goal_oriented.xml_1|22",437,5,0,4,3,206900,917.0
"./data/ssb_converted/goal_oriented.xml_1|23",588,6,1,4,4,206900,608.0
"./data/ssb_converted/goal_oriented.xml_1|24",708,7,1,5,5,206901,610.0
"./data/ssb_converted/goal_oriented.xml_2|0",339,4,0,3,2,1966,3.0
"./data/ssb_converted/goal_oriented.xml_2|1",332,3,1,3,1,1966,4.0
"./data/ssb_converted/goal_oriented.xml_2|2",232,3,0,2,1,1965,6.0
"./data/ssb_converted/goal_oriented.xml_2|3",397,4,1,3,2,1966,132.0
"./data/ssb_converted/goal_oriented.xml_2|4",397,4,1,3,2,1966,2.0
"./data/ssb_converted/goal_oriented.xml_2|5",358,4,0,3,2,1966,3.0
"./data/ssb_converted/goal_oriented.xml_2|6",336,4,0,3,2,206899,745.0
"./data/ssb_converted/goal_oriented.xml_2|7",238,3,0,2,1,1965,2.0
"./data/ssb_converted/goal_oriented.xml_2|8",238,3,0,2,1,1965,2.0
"./data/ssb_converted/goal_oriented.xml_2|9",316,4,0,3,2,206899,751.0
"./data/ssb_converted/goal_oriented.xml_2|10",216,3,0,2,1,206898,8.0
"./data/ssb_converted/goal_oriented.xml_2|11",218,3,0,2,1,2545,3.0
"./data/ssb_converted/goal_oriented.xml_2|13",467,5,1,4,3,206900,733.0
"./data/ssb_converted/goal_oriented.xml_2|14",430,5,0,4,3,206900,1066.0
"./data/ssb_converted/goal_oriented.xml_2|15",369,4,1,3,2,206899,4.0
"./data/ssb_converted/goal_oriented.xml_2|16",330,4,0,3,2,206899,9.0
"./data/ssb_converted/goal_oriented.xml_2|17",475,5,1,4,3,206900,639.0
"./data/ssb_converted/goal_oriented.xml_2|18",469,5,1,4,3,206900,711.0
"./data/ssb_converted/goal_oriented.xml_2|19",369,4,1,3,2,206899,2.0
"./data/ssb_converted/goal_oriented.xml_2|20",271,3,1,2,1,40472,3.0
"./data/ssb_converted/goal_oriented.xml_2|21",232,3,0,2,1,40472,4.0
"./data/ssb_converted/goal_oriented.xml_2|22",352,4,0,3,2,1966,14.0
"./data/ssb_converted/goal_oriented.xml_2|23",453,5,0,4,3,1967,618.0
"./data/ssb_converted/goal_oriented.xml_2|24",551,6,0,5,4,206901,1323.0
"./data/ssb_converted/goal_oriented.xml_3|0",362,4,0,3,2,1966,4.0
"./data/ssb_converted/goal_oriented.xml_3|1",446,4,1,3,2,1966,77.0
"./data/ssb_converted/goal_oriented.xml_3|2",326,3,1,2,1,2545,3.0
"./data/ssb_converted/goal_oriented.xml_3|3",218,3,0,2,1,2545,2.0
"./data/ssb_converted/goal_oriented.xml_3|4",302,3,1,2,1,2545,2.0
"./data/ssb_converted/goal_oriented.xml_3|5",588,6,1,4,4,206900,557.0
"./data/ssb_converted/goal_oriented.xml_3|6",490,5,1,3,3,2546,2.0
"./data/ssb_converted/goal_oriented.xml_3|7",588,6,1,4,4,206900,600.0
"./data/ssb_converted/goal_oriented.xml_3|8",563,6,0,4,4,206900,718.0
"./data/ssb_converted/goal_oriented.xml_3|9",551,6,0,4,4,206900,604.0
"./data/ssb_converted/goal_oriented.xml_3|10",600,6,1,4,4,206900,610.0
"./data/ssb_converted/goal_oriented.xml_3|11",627,6,2,4,4,206900,522.0
"./data/ssb_converted/goal_oriented.xml_3|12",588,6,1,4,4,206900,521.0
"./data/ssb_converted/goal_oriented.xml_3|13",588,6,1,4,4,206900,525.0
"./data/ssb_converted/goal_oriented.xml_3|14",429,5,0,3,3,2546,2.0
"./data/ssb_converted/goal_oriented.xml_3|15",453,5,0,3,3,2546,2.0
"./data/ssb_converted/goal_oriented.xml_3|16",490,5,1,3,3,2546,2.0
"./data/ssb_converted/goal_oriented.xml_3|17",446,4,1,3,2,2546,2.0
"./data/ssb_converted/goal_oriented.xml_3|18",466,5,1,3,3,2546,2.0
"./data/ssb_converted/goal_oriented.xml_3|19",422,4,1,3,2,2546,3.0
"./data/ssb_converted/goal_oriented.xml_3|20",238,3,0,2,1,40472,2.0
"./data/ssb_converted/goal_oriented.xml_3|21",338,4,0,3,2,2546,3.0
"./data/ssb_converted/goal_oriented.xml_3|22",490,5,1,3,3,2546,6.0
"./data/ssb_converted/goal_oriented.xml_3|23",635,6,2,4,4,206900,142.0
"./data/ssb_converted/goal_oriented.xml_3|24",794,7,3,5,5,206901,148.0
"./data/ssb_converted/goal_oriented.xml_4|0",566,5,1,4,3,1967,3.0
"./data/ssb_converted/goal_oriented.xml_4|1",573,6,0,4,4,1967,82.0
"./data/ssb_converted/goal_oriented.xml_4|2",482,5,0,4,3,1967,775.0
"./data/ssb_converted/goal_oriented.xml_4|3",482,5,0,4,3,1967,34.0
"./data/ssb_converted/goal_oriented.xml_4|4",566,5,1,4,3,1967,79.0
"./data/ssb_converted/goal_oriented.xml_4|5",446,4,1,3,2,1966,74.0
"./data/ssb_converted/goal_oriented.xml_4|6",338,4,0,3,2,2546,4.0
"./data/ssb_converted/goal_oriented.xml_4|7",544,5,1,4,3,206900,642.0
"./data/ssb_converted/goal_oriented.xml_4|8",460,5,0,4,3,206900,866.0
"./data/ssb_converted/goal_oriented.xml_4|9",362,4,0,3,2,2546,5.0
"./data/ssb_converted/goal_oriented.xml_4|10",446,4,1,3,2,2546,2.0
"./data/ssb_converted/goal_oriented.xml_4|11",326,3,1,2,1,2545,5.0
"./data/ssb_converted/goal_oriented.xml_4|12",357,4,0,2,2,2545,4.0
"./data/ssb_converted/goal_oriented.xml_4|13",394,4,1,2,2,2545,3.0
"./data/ssb_converted/goal_oriented.xml_4|14",370,4,1,2,2,2545,3.0
"./data/ssb_converted/goal_oriented.xml_4|15",453,5,0,3,3,2546,2.0
"./data/ssb_converted/goal_oriented.xml_4|16",370,4,1,2,2,2545,2.0
"./data/ssb_converted/goal_oriented.xml_4|17",370,4,1,2,2,2545,2.0
"./data/ssb_converted/goal_oriented.xml_4|18",333,4,0,2,2,2545,4.0
"./data/ssb_converted/goal_oriented.xml_4|19",370,4,1,2,2,2545,2.0
"./data/ssb_converted/goal_oriented.xml_4|20",326,3,1,2,1,2545,2.0
"./data/ssb_converted/goal_oriented.xml_4|21",242,3,0,2,1,2545,3.0
"./data/ssb_converted/goal_oriented.xml_4|22",352,4,0,3,2,206899,11.0
"./data/ssb_converted/goal_oriented.xml_4|23",472,5,0,4,3,206900,1081.0
"./data/ssb_converted/goal_oriented.xml_4|24",592,6,0,5,4,206901,1827.0
"./data/ssb_converted/goal_oriented.xml_5|0",437,5,0,4,3,206900,4.0
"./data/ssb_converted/goal_oriented.xml_5|1",461,5,0,4,3,206900,11.0
"./data/ssb_converted/goal_oriented.xml_5|2",498,5,1,4,3,206900,670.0
"./data/ssb_converted/goal_oriented.xml_5|3",378,4,1,3,2,206899,2.0
"./data/ssb_converted/goal_oriented.xml_5|4",480,5,1,3,3,206899,606.0
"./data/ssb_converted/goal_oriented.xml_5|5",425,4,2,3,2,206899,2.0
"./data/ssb_converted/goal_oriented.xml_5|6",390,4,1,3,2,206899,2.0
"./data/ssb_converted/goal_oriented.xml_5|7",353,4,0,3,2,206899,18.0
"./data/ssb_converted/goal_oriented.xml_5|8",341,4,0,3,2,206899,4.0
"./data/ssb_converted/goal_oriented.xml_5|9",400,4,1,3,2,1966,117.0
"./data/ssb_converted/goal_oriented.xml_5|10",280,3,1,2,1,2545,2.0
"./data/ssb_converted/goal_oriented.xml_5|11",429,5,0,3,3,1966,2.0
"./data/ssb_converted/goal_oriented.xml_5|12",309,4,0,2,2,2545,3.0
"./data/ssb_converted/goal_oriented.xml_5|14",219,3,0,2,1,2545,2.0
"./data/ssb_converted/goal_oriented.xml_5|15",400,4,1,3,2,1966,117.0
"./data/ssb_converted/goal_oriented.xml_5|16",280,3,1,2,1,2545,5.0
"./data/ssb_converted/goal_oriented.xml_5|17",243,3,0,2,1,2545,5.0
"./data/ssb_converted/goal_oriented.xml_5|18",498,5,1,4,3,206900,669.0
"./data/ssb_converted/goal_oriented.xml_5|19",400,4,1,3,2,1966,119.0
"./data/ssb_converted/goal_oriented.xml_5|20",363,4,0,3,2,1966,7.0
"./data/ssb_converted/goal_oriented.xml_5|21",339,4,0,3,2,1966,5.0
"./data/ssb_converted/goal_oriented.xml_5|22",490,5,1,3,3,1966,75.0
"./data/ssb_converted/goal_oriented.xml_5|23",588,6,1,4,4,206900,2.0
"./data/ssb_converted/goal_oriented.xml_5|24",708,7,1,5,5,206901,2.0
"./data/ssb_converted/goal_oriented.xml_6|0",556,6,0,5,4,206901,1223.0
"./data/ssb_converted/goal_oriented.xml_6|1",458,5,0,4,3,1967,384.0
"./data/ssb_converted/goal_oriented.xml_6|2",458,5,0,4,3,1967,495.0
"./data/ssb_converted/goal_oriented.xml_6|3",338,4,0,3,2,2546,4.0
"./data/ssb_converted/goal_oriented.xml_6|4",338,4,0,3,2,2546,3.0
"./data/ssb_converted/goal_oriented.xml_6|5",218,3,0,2,1,2545,2.0
"./data/ssb_converted/goal_oriented.xml_6|6",566,5,1,4,3,1967,80.0
"./data/ssb_converted/goal_oriented.xml_6|7",664,6,1,5,4,206901,603.0
"./data/ssb_converted/goal_oriented.xml_6|8",544,5,1,4,3,206900,814.0
"./data/ssb_converted/goal_oriented.xml_6|9",424,4,1,3,2,206899,609.0
"./data/ssb_converted/goal_oriented.xml_6|10",544,5,1,4,3,206900,616.0
"./data/ssb_converted/goal_oriented.xml_6|11",460,5,0,4,3,206900,27.0
"./data/ssb_converted/goal_oriented.xml_6|12",340,4,0,3,2,206899,881.0
"./data/ssb_converted/goal_oriented.xml_6|13",544,5,1,4,3,206900,525.0
"./data/ssb_converted/goal_oriented.xml_6|14",544,5,1,4,3,206900,587.0
"./data/ssb_converted/goal_oriented.xml_6|15",460,5,0,4,3,206900,850.0
"./data/ssb_converted/goal_oriented.xml_6|16",446,4,1,3,2,1966,2.0
"./data/ssb_converted/goal_oriented.xml_6|17",544,5,1,4,3,206900,666.0
"./data/ssb_converted/goal_oriented.xml_6|18",424,4,1,3,2,206899,715.0
"./data/ssb_converted/goal_oriented.xml_6|19",400,4,1,3,2,206899,610.0
"./data/ssb_converted/goal_oriented.xml_6|20",302,3,1,2,1,2545,2.0
"./data/ssb_converted/goal_oriented.xml_6|21",309,4,0,2,2,2545,3.0
"./data/ssb_converted/goal_oriented.xml_6|22",346,4,1,2,2,2545,2.0
"./data/ssb_converted/goal_oriented.xml_6|23",370,4,1,2,2,2545,2.0
"./data/ssb_converted/goal_oriented.xml_6|24",468,5,1,3,3,206899,580.0
"./data/ssb_converted/goal_oriented.xml_7|0",238,3,0,2,1,1965,2.0
"./data/ssb_converted/goal_oriented.xml_7|1",358,4,0,3,2,1966,604.0
"./data/ssb_converted/goal_oriented.xml_7|2",238,3,0,2,1,40472,2.0
"./data/ssb_converted/goal_oriented.xml_7|4",437,5,0,4,3,206900,907.0
"./data/ssb_converted/goal_oriented.xml_7|5",450,5,0,4,3,206900,1066.0
"./data/ssb_converted/goal_oriented.xml_7|6",450,5,0,4,3,206900,1113.0
"./data/ssb_converted/goal_oriented.xml_7|7",456,5,0,4,3,206900,1189.0
"./data/ssb_converted/goal_oriented.xml_7|8",456,5,0,4,3,206900,912.0
"./data/ssb_converted/goal_oriented.xml_7|9",556,6,0,5,4,206901,1098.0
"./data/ssb_converted/goal_oriented.xml_7|10",436,5,0,4,3,206900,821.0
"./data/ssb_converted/goal_oriented.xml_7|11",336,4,0,3,2,206899,754.0
"./data/ssb_converted/goal_oriented.xml_7|12",472,5,0,4,3,206900,84.0
"./data/ssb_converted/goal_oriented.xml_7|13",507,5,1,4,3,206900,145.0
"./data/ssb_converted/goal_oriented.xml_7|14",483,5,1,4,3,206900,241.0
"./data/ssb_converted/goal_oriented.xml_7|15",448,5,0,4,3,206900,9.0
"./data/ssb_converted/goal_oriented.xml_7|16",383,4,1,3,2,206899,147.0
"./data/ssb_converted/goal_oriented.xml_7|17",348,4,0,3,2,206899,958.0
"./data/ssb_converted/goal_oriented.xml_7|18",436,5,0,4,3,206900,5.0
"./data/ssb_converted/goal_oriented.xml_7|19",336,4,0,3,2,206899,907.0
"./data/ssb_converted/goal_oriented.xml_7|20",216,3,0,2,1,206898,2.0
"./data/ssb_converted/goal_oriented.xml_7|21",437,5,0,4,3,206900,5.0
"./data/ssb_converted/goal_oriented.xml_7|22",317,4,0,3,2,206899,903.0
"./data/ssb_converted/goal_oriented.xml_7|23",431,5,0,4,3,206900,1084.0
"./data/ssb_converted/goal_oriented.xml_7|24",551,6,0,5,4,206901,1533.0
"./data/ssb_converted/goal_oriented.xml_8|0",541,5,1,4,3,206900,747.0
"./data/ssb_converted/goal_oriented.xml_8|1",569,5,2,5,3,206901,2.0
"./data/ssb_converted/goal_oriented.xml_8|2",534,5,1,5,3,206901,4.0
"./data/ssb_converted/goal_oriented.xml_8|3",593,6,1,5,4,206901,635.0
"./data/ssb_converted/goal_oriented.xml_8|4",535,5,1,5,3,206901,12.0
"./data/ssb_converted/goal_oriented.xml_8|5",468,5,1,4,3,206900,3.0
"./data/ssb_converted/goal_oriented.xml_8|6",612,6,1,5,4,206901,865.0
"./data/ssb_converted/goal_oriented.xml_8|7",588,6,1,5,4,206901,15.0
"./data/ssb_converted/goal_oriented.xml_8|8",588,6,1,5,4,206901,908.0
"./data/ssb_converted/goal_oriented.xml_8|9",530,5,1,5,3,206901,14.0
"./data/ssb_converted/goal_oriented.xml_8|10",433,5,0,4,3,206900,1132.0
"./data/ssb_converted/goal_oriented.xml_8|11",643,6,1,5,4,206901,655.0
"./data/ssb_converted/goal_oriented.xml_8|12",523,5,1,4,3,206900,608.0
"./data/ssb_converted/goal_oriented.xml_8|13",561,6,1,4,4,206900,608.0
"./data/ssb_converted/goal_oriented.xml_8|14",517,5,1,4,3,206900,2.0
"./data/ssb_converted/goal_oriented.xml_8|15",541,5,1,4,3,206900,605.0
"./data/ssb_converted/goal_oriented.xml_8|16",677,5,3,5,3,206901,123.0
"./data/ssb_converted/goal_oriented.xml_8|17",576,5,2,4,3,206900,126.0
"./data/ssb_converted/goal_oriented.xml_8|18",612,6,1,5,4,206901,130.0
"./data/ssb_converted/goal_oriented.xml_8|19",492,5,1,4,3,206900,125.0
"./data/ssb_converted/goal_oriented.xml_8|20",501,5,1,4,3,206900,145.0
"./data/ssb_converted/goal_oriented.xml_8|21",466,5,0,4,3,206900,1491.0
"./data/ssb_converted/goal_oriented.xml_8|22",457,5,0,4,3,206900,1442.0
"./data/ssb_converted/goal_oriented.xml_8|23",577,6,0,5,4,206901,1861.0
"./data/ssb_converted/goal_oriented.xml_8|24",622,6,1,5,4,206901,654.0
"./data/ssb_converted/goal_oriented.xml_9|0",316,4,0,3,2,206899,3.0
"./data/ssb_converted/goal_oriented.xml_9|1",520,5,1,4,3,206900,600.0
"./data/ssb_converted/goal_oriented.xml_9|2",400,4,1,3,2,206899,2.0
"./data/ssb_converted/goal_oriented.xml_9|3",326,3,1,2,1,2545,2.0
"./data/ssb_converted/goal_oriented.xml_9|4",566,5,1,4,3,1967,81.0
"./data/ssb_converted/goal_oriented.xml_9|5",482,5,0,4,3,1967,19.0
"./data/ssb_converted/goal_oriented.xml_9|6",362,4,0,3,2,2546,6.0
"./data/ssb_converted/goal_oriented.xml_9|7",326,3,1,2,1,2545,2.0
"./data/ssb_converted/goal_oriented.xml_9|8",326,3,1,2,1,2545,2.0
"./data/ssb_converted/goal_oriented.xml_9|9",242,3,0,2,1,2545,3.0
"./data/ssb_converted/goal_oriented.xml_9|10",424,4,1,3,2,206899,2.0
"./data/ssb_converted/goal_oriented.xml_9|11",326,3,1,2,1,2545,2.0
"./data/ssb_converted/goal_oriented.xml_9|12",302,3,1,2,1,2545,3.0
"./data/ssb_converted/goal_oriented.xml_9|13",527,6,0,4,4,206900,745.0
"./data/ssb_converted/goal_oriented.xml_9|14",436,5,0,4,3,206900,5.0
"./data/ssb_converted/goal_oriented.xml_9|15",238,3,0,2,1,40472,4.0
"./data/ssb_converted/goal_oriented.xml_9|16",338,4,0,3,2,2546,3.0
"./data/ssb_converted/goal_oriented.xml_9|17",218,3,0,2,1,2545,3.0
"./data/ssb_converted/goal_oriented.xml_9|18",429,5,0,3,3,2546,3.0
"./data/ssb_converted/goal_oriented.xml_9|19",453,5,0,3,3,2546,73.0
"./data/ssb_converted/goal_oriented.xml_9|20",490,5,1,3,3,2546,2.0
"./data/ssb_converted/goal_oriented.xml_9|21",370,4,1,2,2,2545,6.0
"./data/ssb_converted/goal_oriented.xml_9|22",515,5,2,3,3,206899,140.0
"./data/ssb_converted/goal_oriented.xml_9|23",736,6,3,5,4,206901,140.0
"./data/ssb_converted/goal_oriented.xml_9|24",794,7,3,5,5,206901,2.0
"./data/ssb_converted/slice_all.xml_0|1",263,3,1,2,1,206898,2.0
"./data/ssb_converted/slice_all.xml_0|2",263,3,1,2,1,206898,2.0
"./data/ssb_converted/slice_all.xml_0|3",263,3,1,2,1,206898,2.0
"./data/ssb_converted/slice_all.xml_0|4",263,3,1,2,1,206898,3.0
"./data/ssb_converted/slice_all.xml_0|5",263,3,1,2,1,206898,2.0
"./data/ssb_converted/slice_all.xml_0|6",263,3,1,2,1,206898,2.0
"./data/ssb_converted/slice_all.xml_0|7",263,3,1,2,1,206898,2.0
"./data/ssb_converted/slice_all.xml_0|8",263,3,1,2,1,206898,2.0
"./data/ssb_converted/slice_all.xml_0|9",263,3,1,2,1,206898,2.0
"./data/ssb_converted/slice_all.xml_0|10",263,3,1,2,1,206898,2.0
"./data/ssb_converted/slice_all.xml_0|11",263,3,1,2,1,206898,3.0
"./data/ssb_converted/slice_all.xml_0|12",263,3,1,2,1,206898,2.0
"./data/ssb_converted/slice_all.xml_0|13",262,3,1,2,1,206898,3.0
"./data/ssb_converted/slice_all.xml_0|14",263,3,1,2,1,206898,2.0
"./data/ssb_converted/slice_all.xml_0|15",263,3,1,2,1,206898,3.0
"./data/ssb_converted/slice_all.xml_0|16",263,3,1,2,1,206898,2.0
"./data/ssb_converted/slice_all.xml_0|17",263,3,1,2,1,206898,2.0
"./data/ssb_converted/slice_all.xml_0|18",263,3,1,2,1,206898,3.0
"./data/ssb_converted/slice_all.xml_0|19",263,3,1,2,1,206898,2.0
"./data/ssb_converted/slice_all.xml_0|20",263,3,1,2,1,206898,2.0
"./data/ssb_converted/slice_all.xml_0|21",263,3,1,2,1,206898,3.0
"./data/ssb_converted/slice_all.xml_0|22",263,3,1,2,1,206898,2.0
"./data/ssb_converted/slice_all.xml_0|23",263,3,1,2,1,206898,6.0
"./data/ssb_converted/slice_all.xml_0|24",263,3,1,2,1,206898,2.0
"./data/ssb_converted/slice_all.xml_1|1",339,3,1,3,1,1966,2.0
"./data/ssb_converted/slice_all.xml_1|2",339,3,1,3,1,1966,2.0
"./data/ssb_converted/slice_all.xml_1|3",339,3,1,3,1,1966,2.0
"./data/ssb_converted/slice_all.xml_1|4",339,3,1,3,1,1966,2.0
"./data/ssb_converted/slice_all.xml_1|5",339,3,1,3,1,1966,2.0
"./data/ssb_converted/slice_all.xml_1|6",339,3,1,3,1,1966,4.0
"./data/ssb_converted/slice_all.xml_1|7",339,3,1,3,1,1966,2.0
"./data/ssb_converted/slice_all.xml_1|8",339,3,1,3,1,1966,2.0
"./data/ssb_converted/slice_all.xml_1|9",339,3,1,3,1,1966,2.0
"./data/ssb_converted/slice_all.xml_1|10",339,3,1,3,1,1966,2.0
"./data/ssb_converted/slice_all.xml_1|11",339,3,1,3,1,1966,3.0
"./data/ssb_converted/slice_all.xml_1|12",339,3,1,3,1,1966,2.0
"./data/ssb_converted/slice_all.xml_1|13",339,3,1,3,1,1966,4.0
"./data/ssb_converted/slice_all.xml_1|14",339,3,1,3,1,1966,2.0
"./data/ssb_converted/slice_all.xml_1|15",339,3,1,3,1,1966,2.0
"./data/ssb_converted/slice_all.xml_1|16",339,3,1,3,1,1966,2.0
"./data/ssb_converted/slice_all.xml_1|17",339,3,1,3,1,1966,2.0
"./data/ssb_converted/slice_all.xml_1|18",339,3,1,3,1,1966,4.0
"./data/ssb_converted/slice_all.xml_1|19",339,3,1,3,1,1966,2.0
"./data/ssb_converted/slice_all.xml_1|20",339,3,1,3,1,1966,2.0
"./data/ssb_converted/slice_all.xml_1|21",339,3,1,3,1,1966,3.0
"./data/ssb_converted/slice_all.xml_1|22",339,3,1,3,1,1966,2.0
"./data/ssb_converted/slice_all.xml_1|23",339,3,1,3,1,1966,2.0
"./data/ssb_converted/slice_all.xml_1|24",339,3,1,3,1,1966,2.0
"./data/ssb_converted/slice_all.xml_2|0",302,3,1,2,1,2545,2.0
"./data/ssb_converted/slice_all.xml_2|1",447,4,2,3,2,206899,2.0
"./data/ssb_converted/slice_all.xml_2|2",446,4,2,3,2,206899,2.0
"./data/ssb_converted/slice_all.xml_2|3",447,4,2,3,2,206899,2.0
"./data/ssb_converted/slice_all.xml_2|4",446,4,2,3,2,206899,2.0
"./data/ssb_converted/slice_all.xml_2|5",446,4,2,3,2,206899,3.0
"./data/ssb_converted/slice_all.xml_2|6",447,4,2,3,2,206899,2.0
"./data/ssb_converted/slice_all.xml_2|7",447,4,2,3,2,206899,2.0
"./data/ssb_converted/slice_all.xml_2|8",447,4,2,3,2,206899,2.0
"./data/ssb_converted/slice_all.xml_2|9",447,4,2,3,2,206899,2.0
"./data/ssb_converted/slice_all.xml_2|10",446,4,2,3,2,206899,2.0
"./data/ssb_converted/slice_all.xml_2|11",447,4,2,3,2,206899,2.0
"./data/ssb_converted/slice_all.xml_2|12",447,4,2,3,2,206899,2.0
"./data/ssb_converted/slice_all.xml_2|13",446,4,2,3,2,206899,2.0
"./data/ssb_converted/slice_all.xml_2|14",447,4,2,3,2,206899,2.0
"./data/ssb_converted/slice_all.xml_2|15",447,4,2,3,2,206899,2.0
"./data/ssb_converted/slice_all.xml_2|16",447,4,2,3,2,206899,2.0
"./data/ssb_converted/slice_all.xml_2|17",447,4,2,3,2,206899,3.0
"./data/ssb_converted/slice_all.xml_2|18",447,4,2,3,2,206899,3.0
"./data/ssb_converted/slice_all.xml_2|19",447,4,2,3,2,206899,2.0
"./data/ssb_converted/slice_all.xml_2|20",447,4,2,3,2,206899,2.0
"./data/ssb_converted/slice_all.xml_2|21",447,4,2,3,2,206899,2.0
"./data/ssb_converted/slice_all.xml_2|22",446,4,2,3,2,206899,2.0
"./data/ssb_converted/slice_all.xml_2|23",447,4,2,3,2,206899,2.0
"./data/ssb_converted/slice_all.xml_2|24",447,4,2,3,2,206899,2.0
"./data/ssb_converted/slice_all.xml_3|0",517,5,1,4,3,206900,2.0
"./data/ssb_converted/slice_all.xml_3|1",676,6,2,5,4,206901,3.0
"./data/ssb_converted/slice_all.xml_3|2",676,6,2,5,4,206901,2.0
"./data/ssb_converted/slice_all.xml_3|3",676,6,2,5,4,206901,3.0
"./data/ssb_converted/slice_all.xml_3|4",676,6,2,5,4,206901,2.0
"./data/ssb_converted/slice_all.xml_3|5",676,6,2,5,4,206901,2.0
"./data/ssb_converted/slice_all.xml_3|6",676,6,2,5,4,206901,2.0
"./data/ssb_converted/slice_all.xml_3|7",676,6,2,5,4,206901,2.0
"./data/ssb_converted/slice_all.xml_3|8",676,6,2,5,4,206901,3.0
"./data/ssb_converted/slice_all.xml_3|9",676,6,2,5,4,206901,3.0
"./data/ssb_converted/slice_all.xml_3|10",676,6,2,5,4,206901,2.0
"./data/ssb_converted/slice_all.xml_3|11",676,6,2,5,4,206901,3.0
"./data/ssb_converted/slice_all.xml_3|12",676,6,2,5,4,206901,3.0
"./data/ssb_converted/slice_all.xml_3|13",676,6,2,5,4,206901,3.0
"./data/ssb_converted/slice_all.xml_3|14",676,6,2,5,4,206901,3.0
"./data/ssb_converted/slice_all.xml_3|15",676,6,2,5,4,206901,2.0
"./data/ssb_converted/slice_all.xml_3|16",676,6,2,5,4,206901,3.0
"./data/ssb_converted/slice_all.xml_3|17",676,6,2,5,4,206901,3.0
"./data/ssb_converted/slice_all.xml_3|18",676,6,2,5,4,206901,3.0
"./data/ssb_converted/slice_all.xml_3|19",676,6,2,5,4,206901,2.0
"./data/ssb_converted/slice_all.xml_3|20",676,6,2,5,4,206901,2.0
"./data/ssb_converted/slice_all.xml_3|21",676,6,2,5,4,206901,2.0
"./data/ssb_converted/slice_all.xml_3|22",676,6,2,5,4,206901,3.0
"./data/ssb_converted/slice_all.xml_3|23",676,6,2,5,4,206901,2.0
"./data/ssb_converted/slice_all.xml_3|24",676,6,2,5,4,206901,2.0
"./data/ssb_converted/slice_all.xml_4|1",277,3,1,2,1,40472,2.0
"./data/ssb_converted/slice_all.xml_4|2",277,3,1,2,1,40472,2.0
"./data/ssb_converted/slice_all.xml_4|3",277,3,1,2,1,40472,3.0
"./data/ssb_converted/slice_all.xml_4|4",277,3,1,2,1,40472,2.0
"./data/ssb_converted/slice_all.xml_4|5",277,3,1,2,1,40472,2.0
"./data/ssb_converted/slice_all.xml_4|6",277,3,1,2,1,40472,2.0
"./data/ssb_converted/slice_all.xml_4|7",277,3,1,2,1,40472,2.0
"./data/ssb_converted/slice_all.xml_4|8",277,3,1,2,1,40472,2.0
"./data/ssb_converted/slice_all.xml_4|9",277,3,1,2,1,40472,2.0
"./data/ssb_converted/slice_all.xml_4|10",277,3,1,2,1,40472,2.0
"./data/ssb_converted/slice_all.xml_4|11",277,3,1,2,1,40472,2.0
"./data/ssb_converted/slice_all.xml_4|12",277,3,1,2,1,40472,2.0
"./data/ssb_converted/slice_all.xml_4|13",277,3,1,2,1,40472,3.0
"./data/ssb_converted/slice_all.xml_4|14",277,3,1,2,1,40472,2.0
"./data/ssb_converted/slice_all.xml_4|15",277,3,1,2,1,40472,2.0
"./data/ssb_converted/slice_all.xml_4|16",277,3,1,2,1,40472,2.0
"./data/ssb_converted/slice_all.xml_4|17",277,3,1,2,1,40472,2.0
"./data/ssb_converted/slice_all.xml_4|18",277,3,1,2,1,40472,3.0
"./data/ssb_converted/slice_all.xml_4|19",277,3,1,2,1,40472,2.0
"./data/ssb_converted/slice_all.xml_4|20",277,3,1,2,1,40472,2.0
"./data/ssb_converted/slice_all.xml_4|21",277,3,1,2,1,40472,2.0
"./data/ssb_converted/slice_all.xml_4|22",277,3,1,2,1,40472,2.0
"./data/ssb_converted/slice_all.xml_4|23",277,3,1,2,1,40472,3.0
"./data/ssb_converted/slice_all.xml_4|24",277,3,1,2,1,40472,2.0
"./data/ssb_converted/slice_all.xml_5|0",344,4,0,3,2,206899,998.0
"./data/ssb_converted/slice_all.xml_5|1",503,5,1,4,3,206900,771.0
"./data/ssb_converted/slice_all.xml_5|2",503,5,1,4,3,206900,916.0
"./data/ssb_converted/slice_all.xml_5|3",503,5,1,4,3,206900,918.0
"./data/ssb_converted/slice_all.xml_5|4",503,5,1,4,3,206900,841.0
"./data/ssb_converted/slice_all.xml_5|5",503,5,1,4,3,206900,685.0
"./data/ssb_converted/slice_all.xml_5|6",503,5,1,4,3,206900,624.0
"./data/ssb_converted/slice_all.xml_5|7",503,5,1,4,3,206900,599.0
"./data/ssb_converted/slice_all.xml_5|8",503,5,1,4,3,206900,911.0
"./data/ssb_converted/slice_all.xml_5|9",503,5,1,4,3,206900,609.0
"./data/ssb_converted/slice_all.xml_5|10",503,5,1,4,3,206900,597.0
"./data/ssb_converted/slice_all.xml_5|11",503,5,1,4,3,206900,624.0
"./data/ssb_converted/slice_all.xml_5|12",503,5,1,4,3,206900,597.0
"./data/ssb_converted/slice_all.xml_5|13",503,5,1,4,3,206900,622.0
"./data/ssb_converted/slice_all.xml_5|14",503,5,1,4,3,206900,611.0
"./data/ssb_converted/slice_all.xml_5|15",503,5,1,4,3,206900,914.0
"./data/ssb_converted/slice_all.xml_5|16",503,5,1,4,3,206900,919.0
"./data/ssb_converted/slice_all.xml_5|17",503,5,1,4,3,206900,610.0
"./data/ssb_converted/slice_all.xml_5|18",503,5,1,4,3,206900,916.0
"./data/ssb_converted/slice_all.xml_5|19",503,5,1,4,3,206900,918.0
"./data/ssb_converted/slice_all.xml_5|20",503,5,1,4,3,206900,702.0
"./data/ssb_converted/slice_all.xml_5|21",503,5,1,4,3,206900,820.0
"./data/ssb_converted/slice_all.xml_5|22",503,5,1,4,3,206900,917.0
"./data/ssb_converted/slice_all.xml_5|23",503,5,1,4,3,206900,918.0
"./data/ssb_converted/slice_all.xml_5|24",503,5,1,4,3,206900,597.0
"./data/ssb_converted/slice_all.xml_6|1",263,3,1,2,1,206898,2.0
"./data/ssb_converted/slice_all.xml_6|2",263,3,1,2,1,206898,2.0
"./data/ssb_converted/slice_all.xml_6|3",263,3,1,2,1,206898,2.0
"./data/ssb_converted/slice_all.xml_6|4",263,3,1,2,1,206898,3.0
"./data/ssb_converted/slice_all.xml_6|5",263,3,1,2,1,206898,2.0
"./data/ssb_converted/slice_all.xml_6|6",263,3,1,2,1,206898,2.0
"./data/ssb_converted/slice_all.xml_6|7",263,3,1,2,1,206898,3.0
"./data/ssb_converted/slice_all.xml_6|8",263,3,1,2,1,206898,3.0
"./data/ssb_converted/slice_all.xml_6|9",263,3,1,2,1,206898,2.0
"./data/ssb_converted/slice_all.xml_6|10",262,3,1,2,1,206898,2.0
"./data/ssb_converted/slice_all.xml_6|11",263,3,1,2,1,206898,2.0
"./data/ssb_converted/slice_all.xml_6|12",262,3,1,2,1,206898,2.0
"./data/ssb_converted/slice_all.xml_6|13",263,3,1,2,1,206898,4.0
"./data/ssb_converted/slice_all.xml_6|14",263,3,1,2,1,206898,3.0
"./data/ssb_converted/slice_all.xml_6|15",262,3,1,2,1,206898,3.0
"./data/ssb_converted/slice_all.xml_6|16",263,3,1,2,1,206898,2.0
"./data/ssb_converted/slice_all.xml_6|17",263,3,1,2,1,206898,2.0
"./data/ssb_converted/slice_all.xml_6|18",263,3,1,2,1,206898,2.0
"./data/ssb_converted/slice_all.xml_6|19",262,3,1,2,1,206898,4.0
"./data/ssb_converted/slice_all.xml_6|20",263,3,1,2,1,206898,3.0
"./data/ssb_converted/slice_all.xml_6|21",263,3,1,2,1,206898,2.0
"./data/ssb_converted/slice_all.xml_6|22",263,3,1,2,1,206898,3.0
"./data/ssb_converted/slice_all.xml_6|23",262,3,1,2,1,206898,3.0
"./data/ssb_converted/slice_all.xml_6|24",263,3,1,2,1,206898,3.0
"./data/ssb_converted/slice_all.xml_7|0",530,5,1,4,3,1967,2.0
"./data/ssb_converted/slice_all.xml_7|1",675,6,2,5,4,206901,3.0
"./data/ssb_converted/slice_all.xml_7|2",675,6,2,5,4,206901,3.0
"./data/ssb_converted/slice_all.xml_7|3",675,6,2,5,4,206901,6.0
"./data/ssb_converted/slice_all.xml_7|4",675,6,2,5,4,206901,2.0
"./data/ssb_converted/slice_all.xml_7|5",675,6,2,5,4,206901,3.0
"./data/ssb_converted/slice_all.xml_7|6",675,6,2,5,4,206901,2.0
"./data/ssb_converted/slice_all.xml_7|7",675,6,2,5,4,206901,2.0
"./data/ssb_converted/slice_all.xml_7|8",674,6,2,5,4,206901,2.0
"./data/ssb_converted/slice_all.xml_7|9",675,6,2,5,4,206901,2.0
"./data/ssb_converted/slice_all.xml_7|10",675,6,2,5,4,206901,2.0
"./data/ssb_converted/slice_all.xml_7|11",675,6,2,5,4,206901,2.0
"./data/ssb_converted/slice_all.xml_7|12",675,6,2,5,4,206901,3.0
"./data/ssb_converted/slice_all.xml_7|13",675,6,2,5,4,206901,2.0
"./data/ssb_converted/slice_all.xml_7|14",675,6,2,5,4,206901,2.0
"./data/ssb_converted/slice_all.xml_7|15",675,6,2,5,4,206901,3.0
"./data/ssb_converted/slice_all.xml_7|16",674,6,2,5,4,206901,2.0
"./data/ssb_converted/slice_all.xml_7|17",675,6,2,5,4,206901,2.0
"./data/ssb_converted/slice_all.xml_7|18",674,6,2,5,4,206901,3.0
"./data/ssb_converted/slice_all.xml_7|19",675,6,2,5,4,206901,2.0
"./data/ssb_converted/slice_all.xml_7|20",675,6,2,5,4,206901,2.0
"./data/ssb_converted/slice_all.xml_7|21",675,6,2,5,4,206901,2.0
"./data/ssb_converted/slice_all.xml_7|22",675,6,2,5,4,206901,2.0
"./data/ssb_converted/slice_all.xml_7|23",675,6,2,5,4,206901,2.0
"./data/ssb_converted/slice_all.xml_7|24",674,6,2,5,4,206901,2.0
"./data/ssb_converted/slice_all.xml_8|1",339,3,1,3,1,1966,2.0
"./data/ssb_converted/slice_all.xml_8|2",339,3,1,3,1,1966,2.0
"./data/ssb_converted/slice_all.xml_8|3",339,3,1,3,1,1966,2.0
"./data/ssb_converted/slice_all.xml_8|4",339,3,1,3,1,1966,3.0
"./data/ssb_converted/slice_all.xml_8|5",339,3,1,3,1,1966,2.0
"./data/ssb_converted/slice_all.xml_8|6",339,3,1,3,1,1966,2.0
"./data/ssb_converted/slice_all.xml_8|7",339,3,1,3,1,1966,2.0
"./data/ssb_converted/slice_all.xml_8|8",339,3,1,3,1,1966,2.0
"./data/ssb_converted/slice_all.xml_8|9",339,3,1,3,1,1966,2.0
"./data/ssb_converted/slice_all.xml_8|10",339,3,1,3,1,1966,6.0
"./data/ssb_converted/slice_all.xml_8|11",339,3,1,3,1,1966,2.0
"./data/ssb_converted/slice_all.xml_8|12",339,3,1,3,1,1966,3.0
"./data/ssb_converted/slice_all.xml_8|13",339,3,1,3,1,1966,2.0
"./data/ssb_converted/slice_all.xml_8|14",339,3,1,3,1,1966,3.0
"./data/ssb_converted/slice_all.xml_8|15",339,3,1,3,1,1966,3.0
"./data/ssb_converted/slice_all.xml_8|16",339,3,1,3,1,1966,2.0
"./data/ssb_converted/slice_all.xml_8|17",339,3,1,3,1,1966,3.0
"./data/ssb_converted/slice_all.xml_8|18",339,3,1,3,1,1966,3.0
"./data/ssb_converted/slice_all.xml_8|19",339,3,1,3,1,1966,4.0
"./data/ssb_converted/slice_all.xml_8|20",339,3,1,3,1,1966,2.0
"./data/ssb_converted/slice_all.xml_8|21",339,3,1,3,1,1966,3.0
"./data/ssb_converted/slice_all.xml_8|22",339,3,1,3,1,1966,2.0
"./data/ssb_converted/slice_all.xml_8|23",339,3,1,3,1,1966,3.0
"./data/ssb_converted/slice_all.xml_8|24",339,3,1,3,1,1966,3.0
"./data/ssb_converted/slice_all.xml_9|0",344,4,0,3,2,206899,1062.0
"./data/ssb_converted/slice_all.xml_9|1",388,4,1,3,2,206899,4.0
"./data/ssb_converted/slice_all.xml_9|2",388,4,1,3,2,206899,4.0
"./data/ssb_converted/slice_all.xml_9|3",387,4,1,3,2,206899,6.0
"./data/ssb_converted/slice_all.xml_9|4",388,4,1,3,2,206899,2.0
"./data/ssb_converted/slice_all.xml_9|5",388,4,1,3,2,206899,2.0
"./data/ssb_converted/slice_all.xml_9|6",387,4,1,3,2,206899,2.0
"./data/ssb_converted/slice_all.xml_9|7",388,4,1,3,2,206899,5.0
"./data/ssb_converted/slice_all.xml_9|8",387,4,1,3,2,206899,2.0
"./data/ssb_converted/slice_all.xml_9|9",388,4,1,3,2,206899,2.0
"./data/ssb_converted/slice_all.xml_9|10",388,4,1,3,2,206899,3.0
"./data/ssb_converted/slice_all.xml_9|11",388,4,1,3,2,206899,2.0
"./data/ssb_converted/slice_all.xml_9|12",388,4,1,3,2,206899,3.0
"./data/ssb_converted/slice_all.xml_9|13",388,4,1,3,2,206899,2.0
"./data/ssb_converted/slice_all.xml_9|14",388,4,1,3,2,206899,11.0
"./data/ssb_converted/slice_all.xml_9|15",388,4,1,3,2,206899,3.0
"./data/ssb_converted/slice_all.xml_9|16",388,4,1,3,2,206899,3.0
"./data/ssb_converted/slice_all.xml_9|17",388,4,1,3,2,206899,4.0
"./data/ssb_converted/slice_all.xml_9|18",388,4,1,3,2,206899,3.0
"./data/ssb_converted/slice_all.xml_9|19",388,4,1,3,2,206899,2.0
"./data/ssb_converted/slice_all.xml_9|20",388,4,1,3,2,206899,2.0
"./data/ssb_converted/slice_all.xml_9|21",387,4,1,3,2,206899,2.0
"./data/ssb_converted/slice_all.xml_9|22",388,4,1,3,2,206899,4.0
"./data/ssb_converted/slice_all.xml_9|23",387,4,1,3,2,206899,2.0
"./data/ssb_converted/slice_all.xml_9|24",388,4,1,3,2,206899,2.0
"./data/ssb_converted/slice_and_drill.xml_0|1",219,3,0,2,1,2545,2.0
"./data/ssb_converted/slice_and_drill.xml_0|2",280,3,1,2,1,2545,2.0
"./data/ssb_converted/slice_and_drill.xml_0|3",218,3,0,2,1,2545,2.0
"./data/ssb_converted/slice_and_drill.xml_0|4",326,3,1,2,1,2545,2.0
"./data/ssb_converted/slice_and_drill.xml_0|5",238,3,0,2,1,1965,2.0
"./data/ssb_converted/slice_and_drill.xml_0|6",339,3,1,3,1,1966,2.0
"./data/ssb_converted/slice_and_drill.xml_0|7",332,3,1,3,1,1966,4.0
"./data/ssb_converted/slice_and_drill.xml_0|8",216,3,0,2,1,206898,2.0
"./data/ssb_converted/slice_and_drill.xml_0|9",263,3,1,2,1,206898,7.0
"./data/ssb_converted/slice_and_drill.xml_0|10",255,3,1,2,1,206898,3.0
"./data/ssb_converted/slice_and_drill.xml_0|11",238,3,0,2,1,40472,2.0
"./data/ssb_converted/slice_and_drill.xml_0|12",277,3,1,2,1,40472,2.0
"./data/ssb_converted/slice_and_drill.xml_0|13",269,3,1,2,1,40472,6.0
"./data/ssb_converted/slice_and_drill.xml_1|1",219,3,0,2,1,2545,3.0
"./data/ssb_converted/slice_and_drill.xml_1|2",280,3,1,2,1,2545,2.0
"./data/ssb_converted/slice_and_drill.xml_1|3",218,3,0,2,1,2545,2.0
"./data/ssb_converted/slice_and_drill.xml_1|4",326,3,1,2,1,2545,2.0
"./data/ssb_converted/slice_and_drill.xml_1|5",238,3,0,2,1,1965,2.0
"./data/ssb_converted/slice_and_drill.xml_1|6",339,3,1,3,1,1966,3.0
"./data/ssb_converted/slice_and_drill.xml_1|7",330,3,1,3,1,1966,3.0
"./data/ssb_converted/slice_and_drill.xml_1|8",216,3,0,2,1,206898,4.0
"./data/ssb_converted/slice_and_drill.xml_1|9",263,3,1,2,1,206898,2.0
"./data/ssb_converted/slice_and_drill.xml_1|10",255,3,1,2,1,206898,3.0
"./data/ssb_converted/slice_and_drill.xml_1|11",238,3,0,2,1,40472,2.0
"./data/ssb_converted/slice_and_drill.xml_1|12",277,3,1,2,1,40472,2.0
"./data/ssb_converted/slice_and_drill.xml_1|13",277,3,1,2,1,40472,2.0
"./data/ssb_converted/slice_and_drill.xml_2|0",238,3,0,2,1,40472,3.0
"./data/ssb_converted/slice_and_drill.xml_2|1",339,4,0,3,2,2546,3.0
"./data/ssb_converted/slice_and_drill.xml_2|2",400,4,1,3,2,2546,12.0
"./data/ssb_converted/slice_and_drill.xml_2|3",358,4,0,3,2,1966,311.0
"./data/ssb_converted/slice_and_drill.xml_2|4",397,4,1,3,2,1966,126.0
"./data/ssb_converted/slice_and_drill.xml_2|5",388,4,1,3,2,1966,5.0
"./data/ssb_converted/slice_and_drill.xml_2|6",338,4,0,3,2,2546,3.0
"./data/ssb_converted/slice_and_drill.xml_2|7",446,4,1,3,2,2546,6.0
"./data/ssb_converted/slice_and_drill.xml_2|8",238,3,0,2,1,40472,2.0
"./data/ssb_converted/slice_and_drill.xml_2|9",277,3,1,2,1,40472,2.0
"./data/ssb_converted/slice_and_drill.xml_2|10",273,3,1,2,1,40472,2.0
"./data/ssb_converted/slice_and_drill.xml_2|11",336,4,0,3,2,206899,877.0
"./data/ssb_converted/slice_and_drill.xml_2|12",382,4,1,3,2,206899,2.0
"./data/ssb_converted/slice_and_drill.xml_2|13",375,4,1,3,2,206899,9.0
"./data/ssb_converted/slice_and_drill.xml_3|1",238,3,0,2,1,40472,2.0
"./data/ssb_converted/slice_and_drill.xml_3|2",277,3,1,2,1,40472,2.0
"./data/ssb_converted/slice_and_drill.xml_3|3",270,3,1,2,1,40472,2.0
"./data/ssb_converted/slice_and_drill.xml_3|4",216,3,0,2,1,206898,2.0
"./data/ssb_converted/slice_and_drill.xml_3|5",263,3,1,2,1,206898,2.0
"./data/ssb_converted/slice_and_drill.xml_3|6",255,3,1,2,1,206898,3.0
"./data/ssb_converted/slice_and_drill.xml_3|7",219,3,0,2,1,2545,2.0
"./data/ssb_converted/slice_and_drill.xml_3|8",280,3,1,2,1,2545,2.0
"./data/ssb_converted/slice_and_drill.xml_3|9",238,3,0,2,1,1965,3.0
"./data/ssb_converted/slice_and_drill.xml_3|10",339,3,1,3,1,1966,2.0
"./data/ssb_converted/slice_and_drill.xml_3|11",332,3,1,3,1,1966,3.0
"./data/ssb_converted/slice_and_drill.xml_3|12",218,3,0,2,1,2545,2.0
"./data/ssb_converted/slice_and_drill.xml_3|13",326,3,1,2,1,2545,2.0
"./data/ssb_converted/slice_and_drill.xml_4|0",357,4,0,3,2,1966,323.0
"./data/ssb_converted/slice_and_drill.xml_4|1",477,5,0,4,3,1967,647.0
"./data/ssb_converted/slice_and_drill.xml_4|2",516,5,1,4,3,1967,130.0
"./data/ssb_converted/slice_and_drill.xml_4|3",506,5,1,4,3,1967,155.0
"./data/ssb_converted/slice_and_drill.xml_4|4",447,5,0,3,3,1966,75.0
"./data/ssb_converted/slice_and_drill.xml_4|5",508,5,1,3,3,1966,2.0
"./data/ssb_converted/slice_and_drill.xml_4|6",363,4,0,3,2,1966,4.0
"./data/ssb_converted/slice_and_drill.xml_4|7",464,4,1,4,2,1967,124.0
"./data/ssb_converted/slice_and_drill.xml_4|8",457,4,1,4,2,1967,140.0
"./data/ssb_converted/slice_and_drill.xml_4|9",455,5,0,4,3,206900,1039.0
"./data/ssb_converted/slice_and_drill.xml_4|10",501,5,1,4,3,206900,143.0
"./data/ssb_converted/slice_and_drill.xml_4|11",494,5,1,4,3,206900,186.0
"./data/ssb_converted/slice_and_drill.xml_4|12",333,4,0,3,2,1966,11.0
"./data/ssb_converted/slice_and_drill.xml_4|13",394,4,1,3,2,1966,118.0
"./data/ssb_converted/slice_and_drill.xml_5|1",218,3,0,2,1,2545,3.0
"./data/ssb_converted/slice_and_drill.xml_5|2",326,3,1,2,1,2545,3.0
"./data/ssb_converted/slice_and_drill.xml_5|3",238,3,0,2,1,1965,2.0
"./data/ssb_converted/slice_and_drill.xml_5|4",339,3,1,3,1,1966,2.0
"./data/ssb_converted/slice_and_drill.xml_5|5",330,3,1,3,1,1966,3.0
"./data/ssb_converted/slice_and_drill.xml_5|6",219,3,0,2,1,2545,2.0
"./data/ssb_converted/slice_and_drill.xml_5|7",280,3,1,2,1,2545,2.0
"./data/ssb_converted/slice_and_drill.xml_5|8",238,3,0,2,1,40472,2.0
"./data/ssb_converted/slice_and_drill.xml_5|9",277,3,1,2,1,40472,2.0
"./data/ssb_converted/slice_and_drill.xml_5|10",267,3,1,2,1,40472,2.0
"./data/ssb_converted/slice_and_drill.xml_5|11",216,3,0,2,1,206898,3.0
"./data/ssb_converted/slice_and_drill.xml_5|12",262,3,1,2,1,206898,3.0
"./data/ssb_converted/slice_and_drill.xml_5|13",255,3,1,2,1,206898,4.0
"./data/ssb_converted/slice_and_drill.xml_6|0",302,3,1,2,1,2545,4.0
"./data/ssb_converted/slice_and_drill.xml_6|1",326,3,1,2,1,2545,2.0
"./data/ssb_converted/slice_and_drill.xml_6|2",346,4,1,2,2,2545,2.0
"./data/ssb_converted/slice_and_drill.xml_6|3",404,4,1,2,2,2545,11.0
"./data/ssb_converted/slice_and_drill.xml_6|4",422,4,1,3,2,1966,74.0
"./data/ssb_converted/slice_and_drill.xml_6|5",523,4,2,4,2,1967,76.0
"./data/ssb_converted/slice_and_drill.xml_6|6",515,4,2,4,2,1967,4.0
"./data/ssb_converted/slice_and_drill.xml_6|7",400,4,1,3,2,206899,2.0
"./data/ssb_converted/slice_and_drill.xml_6|8",447,4,2,3,2,206899,3.0
"./data/ssb_converted/slice_and_drill.xml_6|9",439,4,2,3,2,206899,2.0
"./data/ssb_converted/slice_and_drill.xml_6|10",422,4,1,3,2,2546,5.0
"./data/ssb_converted/slice_and_drill.xml_6|11",461,4,2,3,2,2546,2.0
"./data/ssb_converted/slice_and_drill.xml_6|12",454,4,2,3,2,2546,2.0
"./data/ssb_converted/slice_and_drill.xml_7|0",238,3,0,2,1,40472,2.0
"./data/ssb_converted/slice_and_drill.xml_7|1",339,4,0,3,2,2546,3.0
"./data/ssb_converted/slice_and_drill.xml_7|2",400,4,1,3,2,2546,11.0
"./data/ssb_converted/slice_and_drill.xml_7|3",238,3,0,2,1,40472,2.0
"./data/ssb_converted/slice_and_drill.xml_7|4",277,3,1,2,1,40472,2.0
"./data/ssb_converted/slice_and_drill.xml_7|5",268,3,1,2,1,40472,2.0
"./data/ssb_converted/slice_and_drill.xml_7|6",338,4,0,3,2,2546,3.0
"./data/ssb_converted/slice_and_drill.xml_7|7",446,4,1,3,2,2546,6.0
"./data/ssb_converted/slice_and_drill.xml_7|8",336,4,0,3,2,206899,3.0
"./data/ssb_converted/slice_and_drill.xml_7|9",383,4,1,3,2,206899,2.0
"./data/ssb_converted/slice_and_drill.xml_7|10",375,4,1,3,2,206899,6.0
"./data/ssb_converted/slice_and_drill.xml_7|11",358,4,0,3,2,1966,3.0
"./data/ssb_converted/slice_and_drill.xml_7|12",397,4,1,3,2,1966,128.0
"./data/ssb_converted/slice_and_drill.xml_7|13",391,4,1,3,2,1966,5.0
"./data/ssb_converted/slice_and_drill.xml_8|0",422,4,1,3,2,2546,3.0
"./data/ssb_converted/slice_and_drill.xml_8|1",466,5,1,3,3,2546,7.0
"./data/ssb_converted/slice_and_drill.xml_8|2",524,5,1,3,3,2546,6.0
"./data/ssb_converted/slice_and_drill.xml_8|3",520,5,1,4,3,206900,707.0
"./data/ssb_converted/slice_and_drill.xml_8|4",567,5,2,4,3,206900,2.0
"./data/ssb_converted/slice_and_drill.xml_8|5",559,5,2,4,3,206900,2.0
"./data/ssb_converted/slice_and_drill.xml_8|6",422,4,1,3,2,2546,2.0
"./data/ssb_converted/slice_and_drill.xml_8|7",461,4,2,3,2,2546,5.0
"./data/ssb_converted/slice_and_drill.xml_8|8",453,4,2,3,2,2546,2.0
"./data/ssb_converted/slice_and_drill.xml_8|9",542,5,1,4,3,1967,77.0
"./data/ssb_converted/slice_and_drill.xml_8|10",581,5,2,4,3,1967,75.0
"./data/ssb_converted/slice_and_drill.xml_8|11",573,5,2,4,3,1967,2.0
"./data/ssb_converted/slice_and_drill.xml_8|12",446,4,1,3,2,2546,6.0
"./data/ssb_converted/slice_and_drill.xml_9|1",238,3,0,2,1,1965,2.0
"./data/ssb_converted/slice_and_drill.xml_9|2",339,3,1,3,1,1966,2.0
"./data/ssb_converted/slice_and_drill.xml_9|3",331,3,1,3,1,1966,3.0
"./data/ssb_converted/slice_and_drill.xml_9|4",219,3,0,2,1,2545,3.0
"./data/ssb_converted/slice_and_drill.xml_9|5",280,3,1,2,1,2545,5.0
"./data/ssb_converted/slice_and_drill.xml_9|6",238,3,0,2,1,40472,2.0
"./data/ssb_converted/slice_and_drill.xml_9|7",277,3,1,2,1,40472,2.0
"./data/ssb_converted/slice_and_drill.xml_9|8",272,3,1,2,1,40472,4.0
"./data/ssb_converted/slice_and_drill.xml_9|9",218,3,0,2,1,2545,2.0
"./data/ssb_converted/slice_and_drill.xml_9|10",326,3,1,2,1,2545,2.0
"./data/ssb_converted/slice_and_drill.xml_9|11",216,3,0,2,1,206898,2.0
"./data/ssb_converted/slice_and_drill.xml_9|12",262,3,1,2,1,206898,2.0
"./data/ssb_converted/slice_and_drill.xml_9|13",255,3,1,2,1,206898,3.0
